Resonator,C0,R0,Rs,Fres_1,Q_1,kt2_1,Fres_2,Q_2,kt2_2,Fres_3,Q_3,kt2_3,Fres_4,Q_4,kt2_4,Fres_5,Q_5,kt2_5,Fres_6,Q_6,kt2_6,Fres_7,Q_7,kt2_7,Fres_8,Q_8,kt2_8,Fres_9,Q_9,kt2_9
R3C5_80MHz_140MHz_Pm20dB_vacuum_FIT,5.29727594658274e-14,1913588.49521099,17.0762641088176,105072500,111230960.779477,0.328458371139018,103392500,8443.0320507845,0.00556494315714183,107836250,545.239748793859,0.0332365024473584,103745000,234.513083079937,0.00939445786743765,103572500,31.936623702791,0.0015055580718851,88891250,122.594764803044,0.0106070781700578,112133750,292.668199840707,0.00414669713960816,117177500,207.479987101668,0.00104300462007952,124677500,197.203072797314,0.000465739253778677
